{"0": {"precision": 0.75, "recall": 0.6428571428571429, "f1-score": 0.6923076923076923, "support": 14.0}, "1": {"precision": 0.5, "recall": 0.13636363636363635, "f1-score": 0.21428571428571427, "support": 44.0}, "2": {"precision": 0.5, "recall": 0.058823529411764705, "f1-score": 0.10526315789473684, "support": 85.0}, "3": {"precision": 0.8125, "recall": 0.8125, "f1-score": 0.8125, "support": 16.0}, "4": {"precision": 0.7368421052631579, "recall": 0.5185185185185185, "f1-score": 0.6086956521739131, "support": 54.0}, "5": {"precision": 0.5, "recall": 0.17647058823529413, "f1-score": 0.2608695652173913, "support": 17.0}, "6": {"precision": 0.5, "recall": 0.75, "f1-score": 0.6, "support": 12.0}, "7": {"precision": 0.2608695652173913, "recall": 0.13043478260869565, "f1-score": 0.17391304347826086, "support": 46.0}, "8": {"precision": 0.55, "recall": 0.3142857142857143, "f1-score": 0.4, "support": 35.0}, "9": {"precision": 0.3, "recall": 0.3333333333333333, "f1-score": 0.3157894736842105, "support": 45.0}, "10": {"precision": 0.3333333333333333, "recall": 0.02127659574468085, "f1-score": 0.04, "support": 47.0}, "11": {"precision": 0.3220338983050847, "recall": 0.7169811320754716, "f1-score": 0.4444444444444444, "support": 53.0}, "12": {"precision": 0.2692307692307692, "recall": 0.5568181818181818, "f1-score": 0.362962962962963, "support": 88.0}, "13": {"precision": 0.4782608695652174, "recall": 0.22, "f1-score": 0.3013698630136986, "support": 100.0}, "14": {"precision": 0.631578947368421, "recall": 0.46601941747572817, "f1-score": 0.5363128491620112, "support": 103.0}, "15": {"precision": 0.5851063829787234, "recall": 0.5789473684210527, "f1-score": 0.582010582010582, "support": 95.0}, "16": {"precision": 0.5167785234899329, "recall": 0.7623762376237624, "f1-score": 0.616, "support": 101.0}, "17": {"precision": 0.40476190476190477, "recall": 0.26153846153846155, "f1-score": 0.3177570093457944, "support": 65.0}, "18": {"precision": 0.46153846153846156, "recall": 0.12244897959183673, "f1-score": 0.1935483870967742, "support": 49.0}, "19": {"precision": 0.42857142857142855, "recall": 0.16666666666666666, "f1-score": 0.24, "support": 18.0}, "20": {"precision": 0.41050583657587547, "recall": 0.9017094017094017, "f1-score": 0.5641711229946524, "support": 234.0}, "21": {"precision": 0.6, "recall": 0.7941176470588235, "f1-score": 0.6835443037974683, "support": 34.0}, "22": {"precision": 0.7727272727272727, "recall": 0.33663366336633666, "f1-score": 0.4689655172413793, "support": 101.0}, "23": {"precision": 0.8214285714285714, "recall": 0.24210526315789474, "f1-score": 0.37398373983739835, "support": 95.0}, "24": {"precision": 0.5871559633027523, "recall": 0.6881720430107527, "f1-score": 0.6336633663366337, "support": 93.0}, "25": {"precision": 0.5333333333333333, "recall": 0.2, "f1-score": 0.2909090909090909, "support": 40.0}, "26": {"precision": 0.8888888888888888, "recall": 0.5333333333333333, "f1-score": 0.6666666666666666, "support": 15.0}, "accuracy": 0.468510888758093, "macro avg": {"precision": 0.5353868909585378, "recall": 0.42380487548912904, "f1-score": 0.42592348906894356, "support": 1699.0}, "weighted avg": {"precision": 0.5194676871260894, "recall": 0.468510888758093, "f1-score": 0.43273648496342004, "support": 1699.0}}