{"0": {"precision": 0.7272727272727273, "recall": 0.5714285714285714, "f1-score": 0.64, "support": 14.0}, "1": {"precision": 0.43333333333333335, "recall": 0.29545454545454547, "f1-score": 0.35135135135135137, "support": 44.0}, "2": {"precision": 0.23809523809523808, "recall": 0.29411764705882354, "f1-score": 0.2631578947368421, "support": 85.0}, "3": {"precision": 0.3076923076923077, "recall": 1.0, "f1-score": 0.47058823529411764, "support": 16.0}, "4": {"precision": 0.46835443037974683, "recall": 0.6851851851851852, "f1-score": 0.556390977443609, "support": 54.0}, "5": {"precision": 0.25, "recall": 0.29411764705882354, "f1-score": 0.2702702702702703, "support": 17.0}, "6": {"precision": 0.6428571428571429, "recall": 0.75, "f1-score": 0.6923076923076923, "support": 12.0}, "7": {"precision": 0.15789473684210525, "recall": 0.13043478260869565, "f1-score": 0.14285714285714285, "support": 46.0}, "8": {"precision": 0.288135593220339, "recall": 0.4857142857142857, "f1-score": 0.3617021276595745, "support": 35.0}, "9": {"precision": 0.6428571428571429, "recall": 0.2, "f1-score": 0.3050847457627119, "support": 45.0}, "10": {"precision": 0.25, "recall": 0.1276595744680851, "f1-score": 0.16901408450704225, "support": 47.0}, "11": {"precision": 0.55, "recall": 0.41509433962264153, "f1-score": 0.4731182795698925, "support": 53.0}, "12": {"precision": 0.2843601895734597, "recall": 0.6818181818181818, "f1-score": 0.4013377926421405, "support": 88.0}, "13": {"precision": 0.5925925925925926, "recall": 0.16, "f1-score": 0.25196850393700787, "support": 100.0}, "14": {"precision": 0.6785714285714286, "recall": 0.5533980582524272, "f1-score": 0.6096256684491979, "support": 103.0}, "15": {"precision": 0.47468354430379744, "recall": 0.7894736842105263, "f1-score": 0.5928853754940712, "support": 95.0}, "16": {"precision": 0.5030674846625767, "recall": 0.8118811881188119, "f1-score": 0.6212121212121212, "support": 101.0}, "17": {"precision": 0.8888888888888888, "recall": 0.12307692307692308, "f1-score": 0.21621621621621623, "support": 65.0}, "18": {"precision": 0.36363636363636365, "recall": 0.16326530612244897, "f1-score": 0.22535211267605634, "support": 49.0}, "19": {"precision": 0.21875, "recall": 0.3888888888888889, "f1-score": 0.28, "support": 18.0}, "20": {"precision": 0.7668161434977578, "recall": 0.7307692307692307, "f1-score": 0.7483588621444202, "support": 234.0}, "21": {"precision": 0.6046511627906976, "recall": 0.7647058823529411, "f1-score": 0.6753246753246753, "support": 34.0}, "22": {"precision": 0.7857142857142857, "recall": 0.32673267326732675, "f1-score": 0.46153846153846156, "support": 101.0}, "23": {"precision": 0.7051282051282052, "recall": 0.5789473684210527, "f1-score": 0.6358381502890174, "support": 95.0}, "24": {"precision": 0.7121212121212122, "recall": 0.5053763440860215, "f1-score": 0.5911949685534591, "support": 93.0}, "25": {"precision": 0.3023255813953488, "recall": 0.325, "f1-score": 0.3132530120481928, "support": 40.0}, "26": {"precision": 0.75, "recall": 0.6, "f1-score": 0.6666666666666666, "support": 15.0}, "accuracy": 0.49440847557386697, "macro avg": {"precision": 0.5032518420528407, "recall": 0.47231630770312727, "f1-score": 0.4439487181093315, "support": 1699.0}, "weighted avg": {"precision": 0.5558347956630717, "recall": 0.49440847557386697, "f1-score": 0.48167191052854735, "support": 1699.0}}